,Timestamp,Total_Confirmed_Cases,Total_Deaths,American Market,IBM_High,IBM_Low,Canadian Market,SHOP_High,SHOP_Low,Travel,LUV_High,LUV_Low,Real Estate,KIM_High,KIM_Low,Metal,SIL_High,SIL_Low
0,2020-01-22,557,17,IBM,145.79,142.55,SHOP,145.79,142.55,LUV,54.28,53.46,KIM,20.56,20.31,Silver,31.64,31.26
1,2020-01-23,655,18,IBM,144.41,142.15,SHOP,144.41,142.15,LUV,55.46,51.85,KIM,20.48,20.24,Silver,31.7,31.15
2,2020-01-24,941,26,IBM,143.92,140.46,SHOP,143.92,140.46,LUV,56.56,54.96,KIM,20.51,20.28,Silver,31.78,31.11
3,2020-01-25,1433,42,IBM,,,SHOP,,,LUV,,,KIM,,,Silver,,
4,2020-01-26,2118,56,IBM,,,SHOP,,,LUV,,,KIM,,,Silver,,
5,2020-01-27,2927,82,IBM,140.07,138.1,SHOP,140.07,138.1,LUV,56.66,55.15,KIM,20.41,20.09,Silver,32.17,31.03
6,2020-01-28,5578,131,IBM,140.47,138.75,SHOP,140.47,138.75,LUV,57.73,56.39,KIM,20.3,20.08,Silver,31.03,30.19
7,2020-01-29,6167,133,IBM,139.58,137.6,SHOP,139.58,137.6,LUV,58.1902,56.82,KIM,20.31,20.06,Silver,30.8903,30.18
8,2020-01-30,8235,171,IBM,136.97,134.97,SHOP,136.97,134.97,LUV,56.47,55.22,KIM,19.99,19.02,Silver,31.1349,30.5682
9,2020-01-31,9927,213,IBM,144.05,140.79,SHOP,144.05,140.79,LUV,55.92,54.63,KIM,19.35,18.91,Silver,31.32,30.67
10,2020-02-01,12038,259,IBM,,,SHOP,,,LUV,,,KIM,,,Silver,,
11,2020-02-02,16787,362,IBM,,,SHOP,,,LUV,,,KIM,,,Silver,,
12,2020-02-03,19887,426,IBM,147.28,143.9,SHOP,147.28,143.9,LUV,55.734,54.69,KIM,19.5,18.99,Silver,30.99,30.31
13,2020-02-04,23898,492,IBM,149.38,146.88,SHOP,149.38,146.88,LUV,56.365,55.5,KIM,19.63,19.18,Silver,30.29,29.75
14,2020-02-05,27643,564,IBM,157.44,150.15,SHOP,157.44,150.15,LUV,57.23,56.12,KIM,19.825,19.4,Silver,30.66,30.1
15,2020-02-06,30803,634,IBM,158.75,155.42,SHOP,158.75,155.42,LUV,58.01,57.075,KIM,19.9,19.61,Silver,31.25,30.7
16,2020-02-07,34396,719,IBM,155.54,152.92,SHOP,155.54,152.92,LUV,57.71,56.99,KIM,19.81,19.54,Silver,31.62,30.57
17,2020-02-08,37130,806,IBM,,,SHOP,,,LUV,,,KIM,,,Silver,,
18,2020-02-09,40160,906,IBM,,,SHOP,,,LUV,,,KIM,,,Silver,,
19,2020-02-10,42769,1013,IBM,154.44,151.58,SHOP,154.44,151.58,LUV,57.49,56.53,KIM,19.84,19.53,Silver,30.89,30.56
20,2020-02-11,44811,1113,IBM,155.22,152.73,SHOP,155.22,152.73,LUV,58.585,57.59,KIM,19.8,19.05,Silver,31.1,30.63
21,2020-02-12,45229,1118,IBM,155.6,153.52,SHOP,155.6,153.52,LUV,58.655,58.0,KIM,19.1,18.56,Silver,30.82,30.4
22,2020-02-13,60382,1371,IBM,154.83,153.41,SHOP,154.83,153.41,LUV,58.685,57.845,KIM,19.09,18.69,Silver,30.94,30.55
23,2020-02-14,66909,1523,IBM,154.56,149.77,SHOP,154.56,149.77,LUV,58.83,57.89,KIM,19.32,18.86,Silver,31.0,30.65
24,2020-02-15,69052,1666,IBM,,,SHOP,,,LUV,,,KIM,,,Silver,,
25,2020-02-16,71235,1770,IBM,,,SHOP,,,LUV,,,KIM,,,Silver,,
26,2020-02-17,73270,1868,IBM,,,SHOP,,,LUV,,,KIM,,,Silver,,
27,2020-02-18,75152,2008,IBM,151.38,149.64,SHOP,151.38,149.64,LUV,58.34,57.38,KIM,19.29,18.95,Silver,32.0,31.01
28,2020-02-19,75652,2123,IBM,151.89,150.31,SHOP,151.89,150.31,LUV,57.74,57.06,KIM,19.13,18.51,Silver,32.75,32.17
29,2020-02-20,76212,2248,IBM,151.62,149.51,SHOP,151.62,149.51,LUV,57.51,56.71,KIM,18.97,18.46,Silver,32.91,32.27
30,2020-02-21,76841,2252,IBM,151.04,148.84,SHOP,151.04,148.84,LUV,56.8,55.46,KIM,19.17,18.85,Silver,33.12,32.77
31,2020-02-22,78602,2459,IBM,,,SHOP,,,LUV,,,KIM,,,Silver,,
32,2020-02-23,78982,2470,IBM,,,SHOP,,,LUV,,,KIM,,,Silver,,
33,2020-02-24,79546,2630,IBM,148.05,145.38,SHOP,148.05,145.38,LUV,54.99,53.3529,KIM,19.09,18.83,Silver,33.74,32.25
34,2020-02-25,80399,2710,IBM,147.07,141.26,SHOP,147.07,141.26,LUV,54.5,49.55,KIM,19.07,18.52,Silver,32.86,31.75
35,2020-02-26,81376,2771,IBM,144.06,139.6,SHOP,144.06,139.6,LUV,50.48,48.08,KIM,18.69,18.27,Silver,32.08,31.47
36,2020-02-27,82736,2814,IBM,138.69,133.01,SHOP,138.69,133.01,LUV,49.2057,45.64,KIM,18.45,17.54,Silver,32.0,29.4
37,2020-02-28,84122,2873,IBM,131.09,126.36,SHOP,131.09,126.36,LUV,46.77,44.98,KIM,17.52,16.79,Silver,28.59,26.25
38,2020-02-29,86013,2942,IBM,,,SHOP,,,LUV,,,KIM,,,Silver,,
39,2020-03-01,88394,2996,IBM,,,SHOP,,,LUV,,,KIM,,,Silver,,
40,2020-03-02,90377,3085,IBM,134.44,127.95,SHOP,134.44,127.95,LUV,47.18,44.34,KIM,17.87,16.99,Silver,28.45,27.52
41,2020-03-03,92971,3160,IBM,136.1,127.8,SHOP,136.1,127.8,LUV,48.3934,45.05,KIM,18.24,17.58,Silver,30.24,28.42
42,2020-03-04,95279,3255,IBM,134.28,129.0,SHOP,134.28,129.0,LUV,47.065,44.855,KIM,18.39,17.92,Silver,29.82,28.9
43,2020-03-05,98090,3349,IBM,132.29,128.45,SHOP,132.29,128.45,LUV,45.7,44.18,KIM,18.13,17.7,Silver,29.89,29.14
44,2020-03-06,102003,3460,IBM,128.33,124.52,SHOP,128.33,124.52,LUV,46.8,42.72,KIM,17.45,16.92,Silver,29.61,28.53
45,2020-03-07,106098,3564,IBM,,,SHOP,,,LUV,,,KIM,,,Silver,,
46,2020-03-08,110047,3803,IBM,,,SHOP,,,LUV,,,KIM,,,Silver,,
47,2020-03-09,114219,3993,IBM,122.41,117.28,SHOP,122.41,117.28,LUV,45.61,42.72,KIM,16.52,15.56,Silver,28.42,26.61
48,2020-03-10,119041,4267,IBM,124.88,115.76,SHOP,124.88,115.76,LUV,45.85,42.51,KIM,16.22,15.32,Silver,27.85,26.68
49,2020-03-11,126702,4611,IBM,122.58,116.38,SHOP,122.58,116.38,LUV,44.38,41.63,KIM,15.8,14.82,Silver,27.4,25.09
50,2020-03-12,132492,4917,IBM,109.8,102.28,SHOP,109.8,102.28,LUV,40.6,35.6101,KIM,13.9,10.0,Silver,24.49,21.03
51,2020-03-13,146876,5414,IBM,109.16,100.81,SHOP,109.16,100.81,LUV,41.28,36.31,KIM,13.61,12.47,Silver,23.75,18.51
52,2020-03-14,157950,5834,IBM,,,SHOP,,,LUV,,,KIM,,,Silver,,
53,2020-03-15,169219,6475,IBM,,,SHOP,,,LUV,,,KIM,,,Silver,,
54,2020-03-16,184027,7153,IBM,107.41,95.0,SHOP,107.41,95.0,LUV,39.45,35.85,KIM,12.41,10.57,Silver,21.84,16.0
55,2020-03-17,199970,7967,IBM,107.4,97.1,SHOP,107.4,97.1,LUV,40.69,36.0,KIM,11.07,10.0,Silver,24.68,20.0
56,2020-03-18,219535,8874,IBM,106.93,99.4,SHOP,106.93,99.4,LUV,36.42,29.15,KIM,10.25,9.3,Silver,23.65,20.5
57,2020-03-19,246584,9985,IBM,103.69,98.24,SHOP,103.69,98.24,LUV,35.05,30.5,KIM,10.9,9.01,Silver,23.52,19.44
58,2020-03-20,277359,11470,IBM,100.99,94.71,SHOP,100.99,94.71,LUV,33.95,29.65,KIM,11.32,10.07,Silver,22.72,20.75
59,2020-03-21,309350,13192,IBM,,,SHOP,,,LUV,,,KIM,,,Silver,,
60,2020-03-22,344205,14877,IBM,,,SHOP,,,LUV,,,KIM,,,Silver,,
61,2020-03-23,387040,16826,IBM,97.74,90.56,SHOP,97.74,90.56,LUV,34.49,30.25,KIM,10.63,9.12,Silver,22.69,20.76
62,2020-03-24,428219,19116,IBM,106.04,99.26,SHOP,106.04,99.26,LUV,39.13,36.05,KIM,10.56,9.75,Silver,26.79,23.82
63,2020-03-25,479220,21926,IBM,112.48,102.83,SHOP,112.48,102.83,LUV,41.7262,37.31,KIM,12.07,10.06,Silver,26.88,24.62
64,2020-03-26,542097,24962,IBM,113.15,105.57,SHOP,113.15,105.57,LUV,43.56,40.06,KIM,11.79,10.6,Silver,27.49,25.61
65,2020-03-27,607138,28450,IBM,111.5,107.65,SHOP,111.5,107.65,LUV,40.135,36.1,KIM,10.88,10.29,Silver,25.8,24.15
66,2020-03-28,674418,32180,IBM,,,SHOP,,,LUV,,,KIM,,,Silver,,
67,2020-03-29,733655,35699,IBM,,,SHOP,,,LUV,,,KIM,,,Silver,,
68,2020-03-30,798949,39780,IBM,113.46,107.81,SHOP,113.46,107.81,LUV,37.15,34.5,KIM,10.47,9.56,Silver,25.37,23.5
69,2020-03-31,875794,44528,IBM,113.81,110.17,SHOP,113.81,110.17,LUV,37.47,34.95,KIM,10.11,9.27,Silver,24.91,23.68
70,2020-04-01,958586,50527,IBM,109.92,104.52,SHOP,109.92,104.52,LUV,34.2,31.81,KIM,9.0,8.25,Silver,24.14,23.14
71,2020-04-02,1041649,56414,IBM,110.32,105.14,SHOP,110.32,105.14,LUV,32.84,30.87,KIM,8.46,7.45,Silver,25.07,23.8
72,2020-04-03,1125200,62574,IBM,110.07,104.92,SHOP,110.07,104.92,LUV,31.88,29.73,KIM,8.14,7.52,Silver,24.77,23.71
73,2020-04-04,1183589,68490,IBM,,,SHOP,,,LUV,,,KIM,,,Silver,,
74,2020-04-05,1256181,73676,IBM,,,SHOP,,,LUV,,,KIM,,,Silver,,
75,2020-04-06,1329324,79614,IBM,115.63,110.13,SHOP,115.63,110.13,LUV,31.96,30.0,KIM,8.84,8.14,Silver,25.73,24.24
76,2020-04-07,1399153,87875,IBM,119.57,114.87,SHOP,119.57,114.87,LUV,35.43,32.32,KIM,10.26,9.13,Silver,26.34,25.17
77,2020-04-08,1482508,94681,IBM,119.96,115.07,SHOP,119.96,115.07,LUV,34.78,32.63,KIM,9.69,9.05,Silver,25.8,25.31
78,2020-04-09,1569527,102464,IBM,122.92,120.17,SHOP,122.92,120.17,LUV,37.31,35.13,KIM,11.24,10.18,Silver,28.1,26.36
79,2020-04-10,1655062,109842,IBM,,,SHOP,,,LUV,,,KIM,,,Silver,,
80,2020-04-11,1729373,116015,IBM,,,SHOP,,,LUV,,,KIM,,,Silver,,
81,2020-04-12,1849067,121873,IBM,,,SHOP,,,LUV,,,KIM,,,Silver,,
82,2020-04-13,1919799,127843,IBM,121.8,118.04,SHOP,121.8,118.04,LUV,36.72,33.75,KIM,10.84,10.12,Silver,29.37,26.83
83,2020-04-14,2003766,134812,IBM,125.18,122.62,SHOP,125.18,122.62,LUV,36.05,34.71,KIM,11.1,10.55,Silver,31.15,29.06
84,2020-04-15,2080914,143278,IBM,120.19,116.76,SHOP,120.19,116.76,LUV,35.26,32.52,KIM,10.15,9.58,Silver,29.27,27.82
85,2020-04-16,2176465,150537,IBM,119.75,114.42,SHOP,119.75,114.42,LUV,32.35,30.2,KIM,9.61,8.41,Silver,29.49,28.34
86,2020-04-17,2264462,158930,IBM,120.39,117.92,SHOP,120.39,117.92,LUV,32.95,30.9,KIM,9.55,8.79,Silver,29.04,28.0
87,2020-04-18,2341702,165082,IBM,,,SHOP,,,LUV,,,KIM,,,Silver,,
88,2020-04-19,2418307,170314,IBM,,,SHOP,,,LUV,,,KIM,,,Silver,,
89,2020-04-20,2494325,176188,IBM,122.86,118.14,SHOP,122.86,118.14,LUV,31.48,29.51,KIM,8.89,8.33,Silver,29.44,28.33
90,2020-04-21,2570074,183463,IBM,117.15,112.06,SHOP,117.15,112.06,LUV,31.23,29.6,KIM,8.54,8.03,Silver,29.05,27.63
91,2020-04-22,2651321,190319,IBM,120.33,117.55,SHOP,120.33,117.55,LUV,30.81,28.8,KIM,8.69,8.2,Silver,30.44,29.45
92,2020-04-23,2735570,197152,IBM,123.03,119.12,SHOP,123.03,119.12,LUV,30.775,29.59,KIM,8.88,8.34,Silver,32.28,30.67
93,2020-04-24,2819666,203920,IBM,125.0,120.76,SHOP,125.0,120.76,LUV,30.43,28.8,KIM,8.97,8.38,Silver,31.94,30.42
94,2020-04-25,2901924,209547,IBM,,,SHOP,,,LUV,,,KIM,,,Silver,,
95,2020-04-26,2973512,213526,IBM,,,SHOP,,,LUV,,,KIM,,,Silver,,
96,2020-04-27,3043704,218271,IBM,126.99,125.47,SHOP,126.99,125.47,LUV,29.91,28.85,KIM,9.32,8.56,Silver,31.57,30.68
97,2020-04-28,3119244,224852,IBM,128.2,125.38,SHOP,128.2,125.38,LUV,30.48,28.25,KIM,10.38,9.81,Silver,31.8,30.84
98,2020-04-29,3196354,231572,IBM,129.31,127.53,SHOP,129.31,127.53,LUV,31.795,29.43,KIM,11.27,10.65,Silver,32.83,31.6
99,2020-04-30,3279849,237415,IBM,127.27,125.22,SHOP,127.27,125.22,LUV,31.69,30.18,KIM,11.04,10.44,Silver,32.47,30.84
100,2020-05-01,3368225,242562,IBM,123.47,121.39,SHOP,123.47,121.39,LUV,30.955,28.75,KIM,10.68,10.25,Silver,32.07,30.26
101,2020-05-02,3447425,248058,IBM,,,SHOP,,,LUV,,,KIM,,,Silver,,
102,2020-05-03,3523798,251567,IBM,,,SHOP,,,LUV,,,KIM,,,Silver,,
103,2020-05-04,3601487,255778,IBM,121.97,119.39,SHOP,121.97,119.39,LUV,27.94,26.5,KIM,10.51,9.99,Silver,32.37,31.82
104,2020-05-05,3681989,261605,IBM,124.32,122.47,SHOP,124.32,122.47,LUV,28.13,26.175,KIM,10.91,10.35,Silver,32.89,31.79
105,2020-05-06,3772016,268107,IBM,124.05,122.41,SHOP,124.05,122.41,LUV,26.74,24.77,KIM,10.45,9.76,Silver,32.48,31.67
106,2020-05-07,3860723,273413,IBM,123.26,120.85,SHOP,123.26,120.85,LUV,26.27,24.95,KIM,10.34,9.85,Silver,33.5,31.9
107,2020-05-08,3951001,278963,IBM,123.23,121.06,SHOP,123.23,121.06,LUV,27.23,25.91,KIM,11.09,10.16,Silver,33.88,33.01
108,2020-05-09,4036224,283187,IBM,,,SHOP,,,LUV,,,KIM,,,Silver,,
109,2020-05-10,4111200,286744,IBM,,,SHOP,,,LUV,,,KIM,,,Silver,,
110,2020-05-11,4187831,290231,IBM,123.45,120.67,SHOP,123.45,120.67,LUV,26.86,25.78,KIM,10.59,9.88,Silver,33.27,31.93
111,2020-05-12,4272321,295716,IBM,124.32,120.26,SHOP,124.32,120.26,LUV,26.62,25.14,KIM,10.24,9.37,Silver,33.09,31.81
112,2020-05-13,4357301,300859,IBM,119.99,114.85,SHOP,119.99,114.85,LUV,25.1,23.52,KIM,9.29,8.58,Silver,32.78,31.45
113,2020-05-14,4453532,306019,IBM,117.09,111.81,SHOP,117.09,111.81,LUV,24.81,22.465,KIM,9.25,8.35,Silver,32.94,31.56
114,2020-05-15,4549264,311242,IBM,117.39,115.25,SHOP,117.39,115.25,LUV,24.87,23.75,KIM,9.27,8.7,Silver,35.26,33.66
115,2020-05-16,4643703,315419,IBM,,,SHOP,,,LUV,,,KIM,,,Silver,,
116,2020-05-17,4721725,318603,IBM,,,SHOP,,,LUV,,,KIM,,,Silver,,
117,2020-05-18,4810892,322366,IBM,122.36,119.75,SHOP,122.36,119.75,LUV,27.24,25.55,KIM,10.5,9.63,Silver,36.79,35.51
118,2020-05-19,4907667,327014,IBM,122.17,120.14,SHOP,122.17,120.14,LUV,28.85,26.9301,KIM,10.67,9.98,Silver,37.38,36.1
119,2020-05-20,5009545,331792,IBM,122.47,120.6,SHOP,122.47,120.6,LUV,29.33,28.1724,KIM,10.98,10.37,Silver,37.68,36.81
120,2020-05-21,5116189,336454,IBM,121.72,118.97,SHOP,121.72,118.97,LUV,30.12,29.02,KIM,11.36,10.81,Silver,36.81,35.35
121,2020-05-22,5222610,341701,IBM,119.47,117.59,SHOP,119.47,117.59,LUV,29.98,28.31,KIM,11.41,11.08,Silver,36.96,35.98
122,2020-05-23,5327415,345624,IBM,,,SHOP,,,LUV,,,KIM,,,Silver,,
123,2020-05-24,5421626,348638,IBM,,,SHOP,,,LUV,,,KIM,,,Silver,,
124,2020-05-25,5508342,349850,IBM,,,SHOP,,,LUV,,,KIM,,,Silver,,
125,2020-05-26,5602309,354090,IBM,122.62,121.01,SHOP,122.62,121.01,LUV,32.935,31.44,KIM,12.42,12.0,Silver,36.21,34.64
126,2020-05-27,5705071,359145,IBM,125.83,123.47,SHOP,125.83,123.47,LUV,35.16,31.4,KIM,12.96,12.09,Silver,34.88,33.46
127,2020-05-28,5824354,363703,IBM,126.97,124.22,SHOP,126.97,124.22,LUV,34.095,32.34,KIM,12.7,11.61,Silver,36.14,34.91
128,2020-05-29,5945256,368310,IBM,125.13,122.24,SHOP,125.13,122.24,LUV,32.82,31.2,KIM,11.6,10.96,Silver,36.35,35.69
129,2020-05-30,6081771,372334,IBM,,,SHOP,,,LUV,,,KIM,,,Silver,,
130,2020-05-31,6188179,375024,IBM,,,SHOP,,,LUV,,,KIM,,,Silver,,
131,2020-06-01,6284173,378097,IBM,125.75,124.03,SHOP,125.75,124.03,LUV,34.4,32.16,KIM,12.17,11.1,Silver,37.54,36.25
132,2020-06-02,6406138,382774,IBM,126.0,124.66,SHOP,126.0,124.66,LUV,35.2,34.03,KIM,12.64,12.11,Silver,37.65,35.61
133,2020-06-03,6520376,388207,IBM,129.6,127.0,SHOP,129.6,127.0,LUV,36.9469,34.9,KIM,14.09,12.86,Silver,34.99,34.03
134,2020-06-04,6651330,393239,IBM,128.95,127.02,SHOP,128.95,127.02,LUV,39.76,36.6,KIM,14.35,13.43,Silver,35.21,34.4
135,2020-06-05,6782553,397820,IBM,134.23,131.75,SHOP,134.23,131.75,LUV,42.35,37.57,KIM,15.89,15.02,Silver,33.94,32.94
136,2020-06-06,6916290,401590,IBM,,,SHOP,,,LUV,,,KIM,,,Silver,,
137,2020-06-07,7028653,404327,IBM,,,SHOP,,,LUV,,,KIM,,,Silver,,
138,2020-06-08,7131150,408029,IBM,135.88,132.27,SHOP,135.88,132.27,LUV,40.61,38.7,KIM,16.06,15.54,Silver,34.56,33.72
139,2020-06-09,7256208,412803,IBM,133.6,131.02,SHOP,133.6,131.02,LUV,38.81,36.58,KIM,15.24,14.43,Silver,35.09,34.18
140,2020-06-10,7391313,417843,IBM,132.23,129.8,SHOP,132.23,129.8,LUV,38.2,34.76,KIM,14.81,13.84,Silver,36.32,34.01
141,2020-06-11,7529332,422483,IBM,126.1,117.84,SHOP,126.1,117.84,LUV,35.17,32.5,KIM,13.54,12.42,Silver,36.58,33.15
142,2020-06-12,7658096,426692,IBM,123.12,119.28,SHOP,123.12,119.28,LUV,36.99,34.31,KIM,13.86,12.99,Silver,34.7,33.45
143,2020-06-13,7793385,430806,IBM,,,SHOP,,,LUV,,,KIM,,,Silver,,
144,2020-06-14,7925669,434203,IBM,,,SHOP,,,LUV,,,KIM,,,Silver,,
145,2020-06-15,8045327,437617,IBM,122.37,118.29,SHOP,122.37,118.29,LUV,36.92,33.61,KIM,13.8,12.51,Silver,34.55,31.94
146,2020-06-16,8187411,444327,IBM,127.5,123.16,SHOP,127.5,123.16,LUV,38.63,35.52,KIM,14.69,13.81,Silver,34.99,33.35
147,2020-06-17,8331151,449473,IBM,126.25,123.4,SHOP,126.25,123.4,LUV,36.8,35.67,KIM,14.16,13.32,Silver,33.98,33.37
148,2020-06-18,8472210,454384,IBM,124.4,122.33,SHOP,124.4,122.33,LUV,36.565,35.41,KIM,13.41,12.9,Silver,33.7,32.87
149,2020-06-19,8652123,460449,IBM,126.82,122.25,SHOP,126.82,122.25,LUV,36.61,33.95,KIM,13.66,12.7,Silver,34.56,33.35
150,2020-06-20,8809570,464561,IBM,,,SHOP,,,LUV,,,KIM,,,Silver,,
151,2020-06-21,8937270,468572,IBM,,,SHOP,,,LUV,,,KIM,,,Silver,,
152,2020-06-22,9076626,472135,IBM,122.5,120.53,SHOP,122.5,120.53,LUV,34.82,33.6418,KIM,13.12,12.49,Silver,35.98,34.75
153,2020-06-23,9243423,477352,IBM,122.9,119.23,SHOP,122.9,119.23,LUV,34.8,33.85,KIM,13.54,12.95,Silver,36.75,35.86
154,2020-06-24,9415999,482538,IBM,118.32,115.88,SHOP,118.32,115.88,LUV,34.27,32.23,KIM,12.88,12.19,Silver,36.24,34.69
155,2020-06-25,9594378,487223,IBM,119.21,116.1,SHOP,119.21,116.1,LUV,33.06,30.94,KIM,12.91,12.44,Silver,35.46,34.51
156,2020-06-26,9785963,491968,IBM,118.99,116.26,SHOP,118.99,116.26,LUV,33.15,31.18,KIM,12.92,12.44,Silver,35.61,34.31
157,2020-06-27,9964089,496430,IBM,,,SHOP,,,LUV,,,KIM,,,Silver,,
158,2020-06-28,10127955,499597,IBM,,,SHOP,,,LUV,,,KIM,,,Silver,,
159,2020-06-29,10283298,503273,IBM,119.78,117.37,SHOP,119.78,117.37,LUV,35.36,32.33,KIM,12.92,12.38,Silver,35.69,35.0701
160,2020-06-30,10457836,508162,IBM,121.2,119.0,SHOP,121.2,119.0,LUV,34.99,33.57,KIM,13.15,12.65,Silver,37.08,35.27
161,2020-07-01,10675433,513108,IBM,121.23,118.37,SHOP,121.23,118.37,LUV,35.6,33.67,KIM,13.4,12.89,Silver,37.18,35.81
162,2020-07-02,10885376,518186,IBM,121.42,119.26,SHOP,121.42,119.26,LUV,34.92,33.96,KIM,13.46,12.73,Silver,37.2,36.21
163,2020-07-03,11086757,523110,IBM,,,SHOP,,,LUV,,,KIM,,,Silver,,
164,2020-07-04,11280564,527504,IBM,,,SHOP,,,LUV,,,KIM,,,Silver,,
165,2020-07-05,11464568,530992,IBM,,,SHOP,,,LUV,,,KIM,,,Silver,,
166,2020-07-06,11628530,534837,IBM,121.85,119.46,SHOP,121.85,119.46,LUV,34.88,33.15,KIM,13.4,12.78,Silver,37.36,36.42
167,2020-07-07,11839880,540805,IBM,119.51,117.33,SHOP,119.51,117.33,LUV,33.54,32.94,KIM,12.67,12.14,Silver,37.9,36.71
168,2020-07-08,12054030,546096,IBM,118.64,116.48,SHOP,118.64,116.48,LUV,33.47,32.07,KIM,12.22,11.77,Silver,39.35,38.35
169,2020-07-09,12280848,551495,IBM,118.0,115.2,SHOP,118.0,115.2,LUV,32.73,31.3,KIM,12.17,11.66,Silver,40.25,38.45
170,2020-07-10,12513506,556783,IBM,118.57,115.29,SHOP,118.57,115.29,LUV,33.35,31.16,KIM,12.12,11.74,Silver,39.98,39.02
171,2020-07-11,12729970,561600,IBM,,,SHOP,,,LUV,,,KIM,,,Silver,,
172,2020-07-12,12922256,565587,IBM,,,SHOP,,,LUV,,,KIM,,,Silver,,
173,2020-07-13,13113693,569497,IBM,120.99,118.66,SHOP,120.99,118.66,LUV,33.53,32.27,KIM,12.3,11.65,Silver,40.84,38.41
174,2020-07-14,13335857,575095,IBM,120.89,117.92,SHOP,120.89,117.92,LUV,33.38,31.75,KIM,11.77,11.43,Silver,39.75,37.91
175,2020-07-15,13567312,580538,IBM,123.96,122.15,SHOP,123.96,122.15,LUV,36.1,34.27,KIM,12.07,11.66,Silver,40.62,39.22
176,2020-07-16,13818613,586309,IBM,124.48,122.16,SHOP,124.48,122.16,LUV,35.08,33.9,KIM,12.0,11.74,Silver,40.46,39.2
177,2020-07-17,14061343,592977,IBM,125.63,123.2,SHOP,125.63,123.2,LUV,34.52,33.82,KIM,11.88,11.45,Silver,41.23,39.98
178,2020-07-18,14297523,598586,IBM,,,SHOP,,,LUV,,,KIM,,,Silver,,
179,2020-07-19,14510952,602652,IBM,,,SHOP,,,LUV,,,KIM,,,Silver,,
180,2020-07-20,14718060,606862,IBM,127.07,125.14,SHOP,127.07,125.14,LUV,34.3,32.73,KIM,11.7,11.21,Silver,43.42,41.75
181,2020-07-21,14951708,613034,IBM,132.17,125.8,SHOP,132.17,125.8,LUV,34.16,33.25,KIM,11.52,11.14,Silver,45.56,44.31
182,2020-07-22,15231573,619979,IBM,129.47,125.8,SHOP,129.47,125.8,LUV,33.91,33.05,KIM,11.418,10.99,Silver,46.99,45.6
183,2020-07-23,15514415,629883,IBM,129.37,127.15,SHOP,129.37,127.15,LUV,34.16,32.0626,KIM,11.3565,11.02,Silver,47.22,44.54
184,2020-07-24,15795467,635906,IBM,127.6459,125.5,SHOP,127.6459,125.5,LUV,32.45,31.57,KIM,11.26,10.74,Silver,47.16,45.745
185,2020-07-25,16049505,641457,IBM,,,SHOP,,,LUV,,,KIM,,,Silver,,
186,2020-07-26,16262613,645172,IBM,,,SHOP,,,LUV,,,KIM,,,Silver,,
187,2020-07-27,16489030,650349,IBM,126.32,124.71,SHOP,126.32,124.71,LUV,31.93,31.235,KIM,10.77,10.35,Silver,50.45,49.32
188,2020-07-28,16741807,656625,IBM,126.34,124.15,SHOP,126.34,124.15,LUV,32.67,31.48,KIM,11.24,10.53,Silver,50.099,48.55
189,2020-07-29,17033495,663245,IBM,125.99,124.07,SHOP,125.99,124.07,LUV,32.63,31.48,KIM,11.45,10.825,Silver,49.86,48.0201
190,2020-07-30,17313556,669290,IBM,123.9046,121.64,SHOP,123.9046,121.64,LUV,31.65,30.77,KIM,11.28,10.82,Silver,48.3492,46.54
191,2020-07-31,17604278,675456,IBM,122.99,121.09,SHOP,122.99,121.09,LUV,31.02,30.24,KIM,11.2318,10.84,Silver,48.45,47.67
192,2020-08-01,17852606,680912,IBM,,,SHOP,,,LUV,,,KIM,,,Silver,,
193,2020-08-02,18083600,685230,IBM,,,SHOP,,,LUV,,,KIM,,,Silver,,
194,2020-08-03,18290067,689914,IBM,124.41,122.15,SHOP,124.41,122.15,LUV,32.15,30.295,KIM,11.18,10.88,Silver,48.6,47.15
195,2020-08-04,18547980,696500,IBM,125.86,123.82,SHOP,125.86,123.82,LUV,32.27,31.38,KIM,11.605,11.12,Silver,50.59,47.5
196,2020-08-05,18824546,703509,IBM,126.75,124.61,SHOP,126.75,124.61,LUV,33.1997,31.79,KIM,11.77,11.22,Silver,52.87,50.55
197,2020-08-06,19109725,709994,IBM,126.26,125.0,SHOP,126.26,125.0,LUV,33.35,32.315,KIM,11.61,11.24,Silver,52.8656,50.6001
198,2020-08-07,19391936,716275,IBM,125.07,123.21,SHOP,125.07,123.21,LUV,33.3,32.69,KIM,11.94,11.18,Silver,50.43,48.5201
199,2020-08-08,19650446,721685,IBM,,,SHOP,,,LUV,,,KIM,,,Silver,,
200,2020-08-09,19875123,726294,IBM,,,SHOP,,,LUV,,,KIM,,,Silver,,
201,2020-08-10,20101148,731599,IBM,127.24,125.1849,SHOP,127.24,125.1849,LUV,35.145,33.55,KIM,12.26,11.905,Silver,51.385,49.1801
202,2020-08-11,20358672,737798,IBM,130.47,126.61,SHOP,130.47,126.61,LUV,37.44,35.07,KIM,12.885,12.43,Silver,47.4,44.63
203,2020-08-12,20635253,744370,IBM,127.79,125.876,SHOP,127.79,125.876,LUV,36.08,34.3611,KIM,12.66,12.19,Silver,46.99,45.71
204,2020-08-13,20924432,750579,IBM,126.39,124.77,SHOP,126.39,124.77,LUV,35.6999,34.6213,KIM,12.47,11.97,Silver,48.38,46.4201
205,2020-08-14,21228162,760721,IBM,125.56,123.91,SHOP,125.56,123.91,LUV,35.13,34.2,KIM,12.205,11.88,Silver,47.76,46.41
206,2020-08-15,21475851,766081,IBM,,,SHOP,,,LUV,,,KIM,,,Silver,,
207,2020-08-16,21690318,770337,IBM,,,SHOP,,,LUV,,,KIM,,,Silver,,
208,2020-08-17,21898028,774516,IBM,125.59,124.41,SHOP,125.59,124.41,LUV,35.18,33.7927,KIM,12.08,11.83,Silver,49.39,48.29
209,2020-08-18,22156248,781369,IBM,125.5,124.24,SHOP,125.5,124.24,LUV,34.25,33.54,KIM,12.0,11.52,Silver,50.41,48.3
210,2020-08-19,22435826,788057,IBM,125.5,123.5,SHOP,125.5,123.5,LUV,35.78,34.145,KIM,11.8,11.4,Silver,48.81,47.01
211,2020-08-20,22708128,794119,IBM,124.04,122.81,SHOP,124.04,122.81,LUV,34.575,33.48,KIM,11.75,11.23,Silver,48.18,46.8
212,2020-08-21,22969210,799549,IBM,123.4842,122.31,SHOP,123.4842,122.31,LUV,35.19,34.28,KIM,11.61,11.32,Silver,47.28,45.82
213,2020-08-22,23233461,805113,IBM,,,SHOP,,,LUV,,,KIM,,,Silver,,
214,2020-08-23,23439639,809018,IBM,,,SHOP,,,LUV,,,KIM,,,Silver,,
215,2020-08-24,23664985,813525,IBM,126.06,123.36,SHOP,126.06,123.36,LUV,36.94,34.96,KIM,11.865,11.35,Silver,47.4,46.0
216,2020-08-25,23908742,819801,IBM,126.82,124.49,SHOP,126.82,124.49,LUV,37.5,36.34,KIM,12.03,11.59,Silver,46.4,45.05
217,2020-08-26,24192659,826045,IBM,125.12,123.95,SHOP,125.12,123.95,LUV,37.07,36.325,KIM,11.9,11.505,Silver,47.9117,45.55
218,2020-08-27,24476359,831924,IBM,125.1,123.98,SHOP,125.1,123.98,LUV,38.88,37.313,KIM,11.985,11.63,Silver,48.7999,46.15
219,2020-08-28,24760091,837434,IBM,125.3,124.2187,SHOP,125.3,124.2187,LUV,39.06,37.59,KIM,12.09,11.615,Silver,49.24,48.0
220,2020-08-29,25023829,842755,IBM,,,SHOP,,,LUV,,,KIM,,,Silver,,
221,2020-08-30,25244809,846811,IBM,,,SHOP,,,LUV,,,KIM,,,Silver,,
222,2020-08-31,25507787,850988,IBM,125.25,123.03,SHOP,125.25,123.03,LUV,38.81,37.58,KIM,12.07,11.855,Silver,50.49,49.11
223,2020-09-01,25772515,857403,IBM,123.95,122.15,SHOP,123.95,122.15,LUV,38.67,36.5606,KIM,12.36,11.68,Silver,50.89,48.93
224,2020-09-02,26055945,863493,IBM,128.7,123.575,SHOP,128.7,123.575,LUV,39.34,37.68,KIM,12.37,12.0,Silver,49.24,47.21
225,2020-09-03,26337239,869172,IBM,129.95,123.65,SHOP,129.95,123.65,LUV,40.655,37.85,KIM,12.73,12.2901,Silver,48.59,46.665
226,2020-09-04,26651277,875033,IBM,125.35,121.24,SHOP,125.35,121.24,LUV,40.0699,38.06,KIM,12.755,12.335,Silver,48.11,45.84
227,2020-09-05,26921162,879993,IBM,,,SHOP,,,LUV,,,KIM,,,Silver,,
228,2020-09-06,27151757,883812,IBM,,,SHOP,,,LUV,,,KIM,,,Silver,,
229,2020-09-07,27369540,893186,IBM,,,SHOP,,,LUV,,,KIM,,,Silver,,
230,2020-09-08,27611781,898102,IBM,122.87,120.71,SHOP,122.87,120.71,LUV,40.8,39.18,KIM,12.6,12.21,Silver,47.9599,45.45
231,2020-09-09,27896300,904197,IBM,123.7,121.29,SHOP,123.7,121.29,LUV,40.44,38.81,KIM,12.29,11.98,Silver,48.72,47.25
232,2020-09-10,28196223,909986,IBM,123.5764,120.24,SHOP,123.5764,120.24,LUV,39.95,38.865,KIM,12.32,12.05,Silver,49.56,47.52
233,2020-09-11,28517464,915835,IBM,122.7,120.73,SHOP,122.7,120.73,LUV,39.41,38.68,KIM,12.06,11.54,Silver,48.7798,47.01
234,2020-09-12,28804057,920737,IBM,,,SHOP,,,LUV,,,KIM,,,Silver,,
235,2020-09-13,29046691,924442,IBM,,,SHOP,,,LUV,,,KIM,,,Silver,,
236,2020-09-14,29310392,928888,IBM,123.38,121.76,SHOP,123.38,121.76,LUV,40.25,39.063,KIM,12.415,11.85,Silver,48.7399,47.74
237,2020-09-15,29595774,935314,IBM,123.4,122.24,SHOP,123.4,122.24,LUV,40.98,40.1,KIM,13.18,12.36,Silver,49.48,48.17
238,2020-09-16,29900126,941082,IBM,125.82,122.71,SHOP,125.82,122.71,LUV,42.88,40.275,KIM,13.18,12.8,Silver,49.28,48.34
239,2020-09-17,30215065,946555,IBM,125.55,121.97,SHOP,125.55,121.97,LUV,41.995,40.085,KIM,13.03,12.745,Silver,48.129,46.632
240,2020-09-18,30540848,952235,IBM,124.92,122.65,SHOP,124.92,122.65,LUV,40.51,39.31,KIM,12.805,12.19,Silver,48.32,46.92
241,2020-09-19,30832930,957504,IBM,,,SHOP,,,LUV,,,KIM,,,Silver,,
242,2020-09-20,31084929,961246,IBM,,,SHOP,,,LUV,,,KIM,,,Silver,,
243,2020-09-21,31360957,965349,IBM,120.7,118.58,SHOP,120.7,118.58,LUV,38.47,36.75,KIM,11.9,11.36,Silver,46.07,43.575
244,2020-09-22,31645271,971318,IBM,121.45,119.53,SHOP,121.45,119.53,LUV,38.1978,37.11,KIM,11.815,11.34,Silver,44.9999,44.0039
245,2020-09-23,31921062,976927,IBM,121.59,118.43,SHOP,121.59,118.43,LUV,39.275,37.48,KIM,11.555,10.78,Silver,43.7,41.0801
246,2020-09-24,32274050,983591,IBM,119.515,116.48,SHOP,119.515,116.48,LUV,37.42,35.82,KIM,10.995,10.59,Silver,43.4008,40.62
247,2020-09-25,32604821,989478,IBM,119.41,116.94,SHOP,119.41,116.94,LUV,37.28,36.31,KIM,11.265,10.76,Silver,42.74,41.6
248,2020-09-26,32893137,994831,IBM,,,SHOP,,,LUV,,,KIM,,,Silver,,
249,2020-09-27,33144843,998519,IBM,,,SHOP,,,LUV,,,KIM,,,Silver,,
250,2020-09-28,33399591,1002494,IBM,122.33,120.41,SHOP,122.33,120.41,LUV,39.11,37.57,KIM,11.75,11.405,Silver,43.5,42.21
251,2020-09-29,33682028,1008423,IBM,122.1858,120.21,SHOP,122.1858,120.21,LUV,38.05,37.19,KIM,11.48,10.96,Silver,43.92,43.005
252,2020-09-30,34008138,1014865,IBM,122.91,120.8,SHOP,122.91,120.8,LUV,39.08,37.4,KIM,11.6,11.1,Silver,43.841,42.71
253,2020-10-01,34326374,1023573,IBM,123.3,120.355,SHOP,123.3,120.355,LUV,38.26,37.39,KIM,11.65,11.165,Silver,44.63,43.6083
254,2020-10-02,34624004,1028504,IBM,121.75,118.82,SHOP,121.75,118.82,LUV,39.32,36.05,KIM,11.92,11.2106,Silver,44.26,43.39
255,2020-10-03,34956166,1033865,IBM,,,SHOP,,,LUV,,,KIM,,,Silver,,
256,2020-10-04,35217590,1037706,IBM,,,SHOP,,,LUV,,,KIM,,,Silver,,
257,2020-10-05,35518587,1044653,IBM,122.75,121.05,SHOP,122.75,121.05,LUV,39.24,38.17,KIM,12.1,11.655,Silver,44.95,43.61
258,2020-10-06,35844897,1050432,IBM,124.83,121.59,SHOP,124.83,121.59,LUV,39.335,37.535,KIM,12.32,11.865,Silver,44.7999,42.45
259,2020-10-07,36195772,1056261,IBM,124.39,122.32,SHOP,124.39,122.32,LUV,38.735,37.71,KIM,12.1,11.68,Silver,43.62,42.7403
260,2020-10-08,36557008,1062543,IBM,135.5,129.77,SHOP,135.5,129.77,LUV,39.6,38.03,KIM,12.02,11.78,Silver,44.1416,43.33
261,2020-10-09,36917789,1068692,IBM,132.0,127.6,SHOP,132.0,127.6,LUV,39.8,38.6,KIM,12.13,11.6,Silver,46.33,44.61
262,2020-10-10,37274759,1073570,IBM,,,SHOP,,,LUV,,,KIM,,,Silver,,
263,2020-10-11,37561727,1077600,IBM,,,SHOP,,,LUV,,,KIM,,,Silver,,
264,2020-10-12,37853374,1081584,IBM,128.25,126.44,SHOP,128.25,126.44,LUV,39.89,39.05,KIM,11.685,11.44,Silver,46.73,45.71
265,2020-10-13,38172631,1086868,IBM,127.15,124.46,SHOP,127.15,124.46,LUV,39.44,38.58,KIM,11.57,11.015,Silver,46.195,44.81
266,2020-10-14,38554820,1092934,IBM,126.94,125.13,SHOP,126.94,125.13,LUV,39.99,39.16,KIM,11.195,10.955,Silver,46.96,46.02
267,2020-10-15,38961691,1099059,IBM,125.215,123.85,SHOP,125.215,123.85,LUV,38.9,38.142,KIM,11.18,10.82,Silver,46.0,45.31
268,2020-10-16,39373359,1105239,IBM,126.43,124.655,SHOP,126.43,124.655,LUV,39.885,39.01,KIM,11.13,10.8,Silver,46.3,45.4201
269,2020-10-17,39745936,1110843,IBM,,,SHOP,,,LUV,,,KIM,,,Silver,,
270,2020-10-18,40062466,1114382,IBM,,,SHOP,,,LUV,,,KIM,,,Silver,,
271,2020-10-19,40449479,1119216,IBM,127.35,125.08,SHOP,127.35,125.08,LUV,40.75,39.566,KIM,11.29,10.79,Silver,46.2797,44.351
272,2020-10-20,40838493,1125771,IBM,120.15,116.84,SHOP,120.15,116.84,LUV,40.9,40.08,KIM,11.245,11.0,Silver,45.41,44.45
273,2020-10-21,41283273,1132430,IBM,117.6899,114.79,SHOP,117.6899,114.79,LUV,40.17,39.53,KIM,11.115,10.88,Silver,46.61,45.5
274,2020-10-22,41755903,1138340,IBM,116.06,112.98,SHOP,116.06,112.98,LUV,42.55,40.08,KIM,11.51,11.0,Silver,45.72,44.7801
275,2020-10-23,42252474,1145304,IBM,116.62,115.53,SHOP,116.62,115.53,LUV,43.39,41.53,KIM,11.75,11.32,Silver,45.47,44.6974
276,2020-10-24,42709233,1151121,IBM,,,SHOP,,,LUV,,,KIM,,,Silver,,
277,2020-10-25,43069599,1155329,IBM,,,SHOP,,,LUV,,,KIM,,,Silver,,
278,2020-10-26,43556089,1160846,IBM,114.9,111.84,SHOP,114.9,111.84,LUV,42.475,40.395,KIM,11.39,10.955,Silver,45.34,44.11
279,2020-10-27,44025897,1168215,IBM,112.22,110.03,SHOP,112.22,110.03,LUV,41.02,39.78,KIM,11.19,10.575,Silver,44.92,44.24
280,2020-10-28,44537381,1175378,IBM,109.73,105.92,SHOP,109.73,105.92,LUV,39.38,37.48,KIM,10.51,10.19,Silver,43.22,41.2
281,2020-10-29,45087882,1182461,IBM,109.64,106.55,SHOP,109.64,106.55,LUV,39.87,37.95,KIM,10.52,10.035,Silver,41.99,41.0
282,2020-10-30,45658489,1190067,IBM,111.8,107.75,SHOP,111.8,107.75,LUV,40.2,38.98,KIM,10.5,10.145,Silver,42.3,40.91
283,2020-10-31,46135032,1196643,IBM,,,SHOP,,,LUV,,,KIM,,,Silver,,
284,2020-11-01,46597718,1201651,IBM,,,SHOP,,,LUV,,,KIM,,,Silver,,
285,2020-11-02,47160439,1207756,IBM,113.8265,112.25,SHOP,113.8265,112.25,LUV,39.94,37.95,KIM,10.4978,10.22,Silver,43.55,42.38
286,2020-11-03,47713798,1217101,IBM,115.65,113.63,SHOP,115.65,113.63,LUV,39.4,38.665,KIM,11.11,10.67,Silver,44.6699,43.82
287,2020-11-04,48224961,1227358,IBM,113.91,111.16,SHOP,113.91,111.16,LUV,39.65,38.05,KIM,10.97,10.51,Silver,44.44,43.217
288,2020-11-05,48821827,1235365,IBM,115.29,113.01,SHOP,115.29,113.01,LUV,41.2489,39.38,KIM,11.04,10.56,Silver,47.49,45.13
289,2020-11-06,49466428,1245019,IBM,115.1,113.39,SHOP,115.1,113.39,LUV,40.93,39.77,KIM,10.83,10.17,Silver,48.45,47.43
290,2020-11-07,50063072,1252615,IBM,,,SHOP,,,LUV,,,KIM,,,Silver,,
291,2020-11-08,50546871,1258489,IBM,,,SHOP,,,LUV,,,KIM,,,Silver,,
292,2020-11-09,51048104,1265712,IBM,119.74,115.27,SHOP,119.74,115.27,LUV,49.47,43.79,KIM,13.96,11.72,Silver,46.02,43.98
293,2020-11-10,51607037,1275705,IBM,118.17,116.25,SHOP,118.17,116.25,LUV,45.12,43.33,KIM,14.41,13.52,Silver,45.01,43.35
294,2020-11-11,52255204,1286156,IBM,118.35,116.22,SHOP,118.35,116.22,LUV,44.91,42.66,KIM,14.16,13.235,Silver,43.24,42.7
295,2020-11-12,52905000,1295921,IBM,116.37,113.48,SHOP,116.37,113.48,LUV,43.28,41.4,KIM,14.025,13.425,Silver,44.44,43.281
296,2020-11-13,53556847,1305509,IBM,117.37,115.01,SHOP,117.37,115.01,LUV,44.145,42.11,KIM,14.37,13.75,Silver,44.49,43.81
297,2020-11-14,54151573,1314590,IBM,,,SHOP,,,LUV,,,KIM,,,Silver,,
298,2020-11-15,54625261,1321012,IBM,,,SHOP,,,LUV,,,KIM,,,Silver,,
299,2020-11-16,55159431,1328966,IBM,118.55,117.12,SHOP,118.55,117.12,LUV,46.2,44.54,KIM,15.47,14.66,Silver,44.23,43.511
300,2020-11-17,55770003,1340035,IBM,118.54,117.07,SHOP,118.54,117.07,LUV,46.24,44.43,KIM,15.21,14.59,Silver,43.55,42.82
301,2020-11-18,56396925,1351466,IBM,118.88,116.75,SHOP,118.88,116.75,LUV,47.28,45.6,KIM,15.45,14.54,Silver,43.1327,41.71
302,2020-11-19,57050102,1362485,IBM,117.45,115.89,SHOP,117.45,115.89,LUV,46.46,45.41,KIM,15.0,14.29,Silver,41.66,41.1
303,2020-11-20,57718479,1374363,IBM,118.04,116.69,SHOP,118.04,116.69,LUV,46.05,45.035,KIM,15.05,14.725,Silver,42.4,41.62
304,2020-11-21,58305723,1383331,IBM,,,SHOP,,,LUV,,,KIM,,,Silver,,
305,2020-11-22,58793713,1390525,IBM,,,SHOP,,,LUV,,,KIM,,,Silver,,
306,2020-11-23,59318419,1399047,IBM,120.515,117.27,SHOP,120.515,117.27,LUV,46.95,45.28,KIM,15.9,15.21,Silver,41.65,40.0
307,2020-11-24,59908426,1411707,IBM,124.73,120.805,SHOP,124.73,120.805,LUV,49.23,47.6491,KIM,16.26,15.39,Silver,39.67,38.89
308,2020-11-25,60543865,1423834,IBM,124.33,122.11,SHOP,124.33,122.11,LUV,48.57,47.5,KIM,15.455,15.0143,Silver,40.219,39.5
309,2020-11-26,61125989,1434723,IBM,,,SHOP,,,LUV,,,KIM,,,Silver,,
310,2020-11-27,61813227,1446110,IBM,125.313,123.91,SHOP,125.313,123.91,LUV,48.74,47.65,KIM,15.44,14.99,Silver,39.98,39.11
311,2020-11-28,62398810,1455390,IBM,,,SHOP,,,LUV,,,KIM,,,Silver,,
312,2020-11-29,62887073,1462550,IBM,,,SHOP,,,LUV,,,KIM,,,Silver,,
313,2020-11-30,63395077,1471430,IBM,125.0,123.09,SHOP,125.0,123.09,LUV,47.7,46.04,KIM,15.06,14.41,Silver,40.14,38.97
314,2020-12-01,64006923,1484115,IBM,125.83,123.08,SHOP,125.83,123.08,LUV,48.09,46.5,KIM,15.025,14.62,Silver,42.39,41.09
315,2020-12-02,64657540,1496707,IBM,124.64,122.41,SHOP,124.64,122.41,LUV,47.76,46.46,KIM,15.19,14.58,Silver,42.79,41.88
316,2020-12-03,65350863,1509276,IBM,124.86,123.29,SHOP,124.86,123.29,LUV,49.53,47.66,KIM,15.405,15.025,Silver,43.29,42.1201
317,2020-12-04,66033955,1521775,IBM,127.38,123.64,SHOP,127.38,123.64,LUV,48.79,47.07,KIM,15.7,15.28,Silver,42.7938,42.02
318,2020-12-05,66675580,1532055,IBM,,,SHOP,,,LUV,,,KIM,,,Silver,,
319,2020-12-06,67214372,1539486,IBM,,,SHOP,,,LUV,,,KIM,,,Silver,,
320,2020-12-07,67733794,1548207,IBM,126.97,124.57,SHOP,126.97,124.57,LUV,48.43,47.505,KIM,15.5,15.01,Silver,43.8499,41.51
321,2020-12-08,68376697,1560493,IBM,126.33,124.64,SHOP,126.33,124.64,LUV,47.925,47.06,KIM,15.1,14.7,Silver,43.65,43.2015
322,2020-12-09,69045713,1573207,IBM,127.69,125.7,SHOP,127.69,125.7,LUV,47.54,45.25,KIM,15.03,14.73,Silver,43.1934,41.48
323,2020-12-10,70542873,1585899,IBM,126.93,124.94,SHOP,126.93,124.94,LUV,46.995,45.02,KIM,15.0,14.71,Silver,42.92,42.0
324,2020-12-11,71245705,1598924,IBM,125.51,123.61,SHOP,125.51,123.61,LUV,46.59,45.1596,KIM,14.785,14.565,Silver,42.6201,41.8037
325,2020-12-12,71879858,1609464,IBM,,,SHOP,,,LUV,,,KIM,,,Silver,,
326,2020-12-13,72410059,1616921,IBM,,,SHOP,,,LUV,,,KIM,,,Silver,,
327,2020-12-14,72933933,1626096,IBM,126.2435,123.47,SHOP,126.2435,123.47,LUV,46.6,45.24,KIM,15.175,14.42,Silver,42.308,40.88
328,2020-12-15,73570426,1640030,IBM,125.93,123.44,SHOP,125.93,123.44,LUV,46.49,44.9529,KIM,15.27,14.51,Silver,42.89,41.66
329,2020-12-16,74303100,1653743,IBM,126.5728,125.286,SHOP,126.5728,125.286,LUV,46.42,45.2699,KIM,15.325,14.77,Silver,44.4,43.0601
330,2020-12-17,75041733,1667155,IBM,126.09,124.91,SHOP,126.09,124.91,LUV,46.4,45.45,KIM,15.08,14.74,Silver,46.67,45.66
331,2020-12-18,75761114,1679916,IBM,126.4,124.97,SHOP,126.4,124.97,LUV,46.34,45.66,KIM,15.05,14.505,Silver,46.26,45.16
332,2020-12-19,76372594,1690683,IBM,,,SHOP,,,LUV,,,KIM,,,Silver,,
333,2020-12-20,76905598,1698592,IBM,,,SHOP,,,LUV,,,KIM,,,Silver,,
334,2020-12-21,77454227,1708256,IBM,124.18,121.72,SHOP,124.18,121.72,LUV,46.13,44.45,KIM,14.49,14.03,Silver,46.38,45.01
335,2020-12-22,78103380,1722562,IBM,124.22,122.41,SHOP,124.22,122.41,LUV,46.15,44.98,KIM,14.6,14.21,Silver,45.82,43.76
336,2020-12-23,78797459,1736362,IBM,125.21,123.74,SHOP,125.21,123.74,LUV,47.1,45.47,KIM,14.72,14.36,Silver,45.2023,44.39
337,2020-12-24,79464365,1747994,IBM,125.1,124.21,SHOP,125.1,124.21,LUV,47.09,45.81,KIM,14.65,14.27,Silver,45.48,44.75
338,2020-12-25,79929494,1756567,IBM,,,SHOP,,,LUV,,,KIM,,,Silver,,
339,2020-12-26,80441968,1763959,IBM,,,SHOP,,,LUV,,,KIM,,,Silver,,
340,2020-12-27,80879838,1771360,IBM,,,SHOP,,,LUV,,,KIM,,,Silver,,
341,2020-12-28,81375961,1781113,IBM,126.6,124.46,SHOP,126.6,124.46,LUV,47.17,46.11,KIM,14.8,14.46,Silver,46.85,45.4
342,2020-12-29,82038435,1796274,IBM,125.48,123.24,SHOP,125.48,123.24,LUV,46.77,45.97,KIM,14.99,14.43,Silver,46.35,45.3
343,2020-12-30,82798666,1811532,IBM,124.85,123.63,SHOP,124.85,123.63,LUV,46.93,46.125,KIM,14.9,14.49,Silver,46.49,45.01
344,2020-12-31,83521859,1824666,IBM,126.03,123.99,SHOP,126.03,123.99,LUV,46.78,45.68,KIM,15.05,14.55,Silver,46.49,45.36
345,2021-01-01,84054370,1834327,IBM,,,SHOP,,,LUV,,,KIM,,,Silver,,
346,2021-01-02,84679917,1842750,IBM,,,SHOP,,,LUV,,,KIM,,,Silver,,
347,2021-01-03,85212884,1850081,IBM,,,SHOP,,,LUV,,,KIM,,,Silver,,
348,2021-01-04,85766126,1860229,IBM,125.9174,123.04,SHOP,125.9174,123.04,LUV,46.54,44.5601,KIM,15.14,14.295,Silver,49.38,47.7002
349,2021-01-05,86504791,1875537,IBM,126.68,124.61,SHOP,126.68,124.61,LUV,46.117,44.84,KIM,14.62,14.275,Silver,49.89,48.6542
350,2021-01-06,87286422,1890582,IBM,131.88,126.72,SHOP,131.88,126.72,LUV,46.97,45.37,KIM,15.32,14.575,Silver,49.6,48.31
351,2021-01-07,88166327,1905492,IBM,130.46,128.26,SHOP,130.46,128.26,LUV,47.84,46.73,KIM,15.31,15.05,Silver,50.0,48.6
352,2021-01-08,88966439,1920633,IBM,129.32,126.98,SHOP,129.32,126.98,LUV,47.9365,46.71,KIM,15.49,15.06,Silver,48.42,45.03
353,2021-01-09,89729075,1933418,IBM,,,SHOP,,,LUV,,,KIM,,,Silver,,
354,2021-01-10,90318122,1941752,IBM,,,SHOP,,,LUV,,,KIM,,,Silver,,
355,2021-01-11,90936928,1952060,IBM,129.675,127.66,SHOP,129.675,127.66,LUV,48.04,46.12,KIM,15.58,15.16,Silver,45.5081,44.73
356,2021-01-12,91641834,1969154,IBM,129.85,127.94,SHOP,129.85,127.94,LUV,48.48,47.28,KIM,15.57,15.14,Silver,45.17,44.11
357,2021-01-13,92389297,1985847,IBM,129.75,126.455,SHOP,129.75,126.455,LUV,48.4337,47.48,KIM,15.93,15.52,Silver,45.24,43.88
358,2021-01-14,93144039,2001193,IBM,130.16,127.55,SHOP,130.16,127.55,LUV,49.47,48.44,KIM,16.47,15.91,Silver,44.55,43.55
359,2021-01-15,93909129,2016293,IBM,129.24,127.67,SHOP,129.24,127.67,LUV,48.71,46.64,KIM,16.55,16.0,Silver,43.36,41.59
360,2021-01-16,94547911,2029556,IBM,,,SHOP,,,LUV,,,KIM,,,Silver,,
361,2021-01-17,95076127,2038180,IBM,,,SHOP,,,LUV,,,KIM,,,Silver,,
362,2021-01-18,95591185,2047572,IBM,,,SHOP,,,LUV,,,KIM,,,Silver,,
363,2021-01-19,96198228,2064142,IBM,129.59,128.0885,SHOP,129.59,128.0885,LUV,47.65,46.76,KIM,16.61,16.215,Silver,42.32,41.5001
364,2021-01-20,96890121,2082033,IBM,131.06,128.56,SHOP,131.06,128.56,LUV,48.445,46.8975,KIM,17.075,16.48,Silver,43.9499,42.54
365,2021-01-21,97546178,2098788,IBM,132.24,130.05,SHOP,132.24,130.05,LUV,47.94,47.12,KIM,16.74,16.24,Silver,44.32,42.68
366,2021-01-22,98204479,2114777,IBM,120.7,117.36,SHOP,120.7,117.36,LUV,47.75,47.07,KIM,16.715,16.095,Silver,42.9491,41.57
367,2021-01-23,98772015,2128050,IBM,,,SHOP,,,LUV,,,KIM,,,Silver,,
368,2021-01-24,99217695,2137002,IBM,,,SHOP,,,LUV,,,KIM,,,Silver,,
369,2021-01-25,99714128,2147753,IBM,119.538,117.45,SHOP,119.538,117.45,LUV,47.34,45.17,KIM,17.31,16.47,Silver,42.96,41.65
370,2021-01-26,100269237,2165073,IBM,122.59,118.42,SHOP,122.59,118.42,LUV,46.22,45.6,KIM,17.365,16.98,Silver,42.35,41.7125
371,2021-01-27,100866518,2181728,IBM,124.79,121.6214,SHOP,124.79,121.6214,LUV,45.7,43.87,KIM,17.505,16.87,Silver,41.27,39.3011
372,2021-01-28,101480537,2198750,IBM,123.2,120.07,SHOP,123.2,120.07,LUV,46.25,44.33,KIM,17.985,17.27,Silver,44.44,41.51
373,2021-01-29,102070241,2213663,IBM,121.3,118.9,SHOP,121.3,118.9,LUV,44.945,43.7151,KIM,17.42,16.38,Silver,45.8,43.62
374,2021-01-30,102585112,2227221,IBM,,,SHOP,,,LUV,,,KIM,,,Silver,,
375,2021-01-31,102967345,2235185,IBM,,,SHOP,,,LUV,,,KIM,,,Silver,,
376,2021-02-01,103413233,2245371,IBM,120.95,118.73,SHOP,120.95,118.73,LUV,45.19,44.09,KIM,16.61,15.91,Silver,51.35,47.33
377,2021-02-02,103870440,2260233,IBM,121.0,119.28,SHOP,121.0,119.28,LUV,46.18,45.35,KIM,16.41,16.125,Silver,46.1,43.85
378,2021-02-03,104392192,2275922,IBM,119.8,118.12,SHOP,119.8,118.12,LUV,46.87,45.495,KIM,16.37,15.97,Silver,44.94,43.545
379,2021-02-04,104858367,2288447,IBM,121.1,118.87,SHOP,121.1,118.87,LUV,49.18,46.71,KIM,16.9,16.31,Silver,43.0476,41.71
380,2021-02-05,105392905,2304940,IBM,121.81,120.52,SHOP,121.81,120.52,LUV,50.89,49.11,KIM,17.0,16.695,Silver,44.0911,43.039
381,2021-02-06,105764933,2315024,IBM,,,SHOP,,,LUV,,,KIM,,,Silver,,
382,2021-02-07,106162758,2322930,IBM,,,SHOP,,,LUV,,,KIM,,,Silver,,
383,2021-02-08,106478448,2331239,IBM,123.9767,122.4,SHOP,123.9767,122.4,LUV,53.29,50.21,KIM,17.1,16.66,Silver,45.1999,44.58
384,2021-02-09,106905813,2346764,IBM,122.5953,121.05,SHOP,122.5953,121.05,LUV,51.75,50.5301,KIM,17.19,16.98,Silver,45.2643,44.38
385,2021-02-10,107340958,2360169,IBM,123.41,121.2138,SHOP,123.41,121.2138,LUV,52.3416,51.16,KIM,17.885,17.29,Silver,45.34,44.065
386,2021-02-11,107781878,2373607,IBM,122.205,120.63,SHOP,122.205,120.63,LUV,51.48,50.34,KIM,18.1,17.59,Silver,44.9,43.371
387,2021-02-12,108210949,2386055,IBM,121.36,120.09,SHOP,121.36,120.09,LUV,51.839,50.97,KIM,18.22,17.815,Silver,44.7481,43.09
388,2021-02-13,108583902,2395838,IBM,,,SHOP,,,LUV,,,KIM,,,Silver,,
389,2021-02-14,108877486,2402155,IBM,,,SHOP,,,LUV,,,KIM,,,Silver,,
390,2021-02-15,109160854,2409024,IBM,,,SHOP,,,LUV,,,KIM,,,Silver,,
391,2021-02-16,109511448,2419911,IBM,120.6,119.36,SHOP,120.6,119.36,LUV,52.02,50.82,KIM,18.16,17.525,Silver,44.89,43.7275
392,2021-02-17,109906540,2431231,IBM,120.56,119.02,SHOP,120.56,119.02,LUV,52.53,51.21,KIM,17.85,17.51,Silver,43.51,42.55
393,2021-02-18,110309750,2442541,IBM,120.94,119.7,SHOP,120.94,119.7,LUV,52.2,50.97,KIM,18.015,17.69,Silver,43.57,41.91
394,2021-02-19,110722085,2453585,IBM,120.76,118.38,SHOP,120.76,118.38,LUV,53.84,52.1,KIM,18.16,17.61,Silver,43.37,42.695
395,2021-02-20,111092247,2462064,IBM,,,SHOP,,,LUV,,,KIM,,,Silver,,
396,2021-02-21,111406337,2467895,IBM,,,SHOP,,,LUV,,,KIM,,,Silver,,
397,2021-02-22,111694776,2474798,IBM,121.125,118.44,SHOP,121.125,118.44,LUV,55.74,53.29,KIM,18.265,17.66,Silver,45.8499,43.45
398,2021-02-23,112082814,2485958,IBM,121.35,119.8,SHOP,121.35,119.8,LUV,57.42,54.31,KIM,18.675,18.1989,Silver,45.37,43.39
399,2021-02-24,112527289,2497933,IBM,123.49,120.52,SHOP,123.49,120.52,LUV,59.64,57.38,KIM,19.22,18.35,Silver,46.58,44.29
400,2021-02-25,112974358,2507990,IBM,124.35,122.335,SHOP,124.35,122.335,LUV,59.26,57.08,KIM,19.44,18.44,Silver,46.378,43.8341
401,2021-02-26,113417277,2518263,IBM,122.25,118.88,SHOP,122.25,118.88,LUV,58.69,57.0,KIM,18.72,18.11,Silver,43.63,41.19
402,2021-02-27,113806009,2526376,IBM,,,SHOP,,,LUV,,,KIM,,,Silver,,
403,2021-02-28,114109186,2531755,IBM,,,SHOP,,,LUV,,,KIM,,,Silver,,
404,2021-03-01,114415400,2538961,IBM,122.32,119.8649,SHOP,122.32,119.8649,LUV,59.84,57.67,KIM,19.08,18.53,Silver,42.97,40.9552
405,2021-03-02,114725863,2549372,IBM,121.9,120.26,SHOP,121.9,120.26,LUV,58.4,57.22,KIM,18.47,18.0,Silver,42.55,41.13
406,2021-03-03,115166644,2560422,IBM,122.634,119.98,SHOP,122.634,119.98,LUV,58.67,57.6,KIM,19.025,18.16,Silver,41.6413,40.34
407,2021-03-04,115619554,2570176,IBM,123.22,118.755,SHOP,123.22,118.755,LUV,57.88,54.26,KIM,19.19,18.15,Silver,41.5367,39.22
408,2021-03-05,116066168,2580166,IBM,123.75,120.25,SHOP,123.75,120.25,LUV,57.13,52.29,KIM,19.07,18.16,Silver,40.46,38.75
409,2021-03-06,116502825,2587977,IBM,,,SHOP,,,LUV,,,KIM,,,Silver,,
